time,unix_s,clock_status,ngm_unix_s,ngm_monotonic_s,ngm_seq,ngm_adc_code,ngm_uo_mv,ngm_module_temp_c,ngm_status,ngm_module_c_pct_unused,ngm_parsed,ngm_dup,ngm_raw_line,scd_time,scd_offset_s,scd_unix_s,scd_monotonic_s,scd_seq,scd_co2_ppm,scd_temp_c,scd_rh_pct,scd_qc_flag
2026-10-07T11:18:57.019-05:00,1791389937.02,corrected,1791389220.734,16.998,1,-685,-21.0,27,0,0.4,1,0,"ADC Code: -685,  C: 0.40%, Uo:  -21.0mV, T:  27C, S:0",2026-10-07T11:18:57.456-05:00,0.437,1791389221.17,17.435,4,922.76,24.86,49.02,
2026-10-07T11:19:18.025-05:00,1791389958.025,ok,1791389958.025,38.003,2,-688,-21.0,28,0,0.5,1,0,"ADC Code: -688,  C: 0.50%, Uo:  -21.0mV, T:  28C, S:0",2026-10-07T11:19:18.766-05:00,0.742,1791389958.767,38.746,14,885.96,25.1,48.46,
2026-10-07T11:19:39.029-05:00,1791389979.03,ok,1791389979.03,59.008,3,-688,-21.0,29,0,0.5,1,0,"ADC Code: -688,  C: 0.50%, Uo:  -21.0mV, T:  29C, S:0",2026-10-07T11:19:40.079-05:00,1.05,1791389980.08,60.059,24,884.24,25.26,48.05,
2026-10-07T11:20:00.035-05:00,1791390000.035,ok,1791390000.035,80.014,4,-691,-21.1,29,0,0.59,1,0,"ADC Code: -691,  C: 0.59%, Uo:  -21.1mV, T:  29C, S:0",2026-10-07T11:19:59.183-05:00,-0.852,1791389999.183,79.161,33,882.24,25.38,47.65,
2026-10-07T11:20:21.039-05:00,1791390021.04,ok,1791390021.04,101.019,5,-685,-21.0,30,0,0.4,1,0,"ADC Code: -685,  C: 0.40%, Uo:  -21.0mV, T:  30C, S:0",2026-10-07T11:20:20.503-05:00,-0.537,1791390020.503,100.482,43,882.51,25.57,47.33,
2026-10-07T11:20:42.045-05:00,1791390042.045,ok,1791390042.045,122.024,6,-684,-20.9,30,0,0.37,1,0,"ADC Code: -684,  C: 0.37%, Uo:  -20.9mV, T:  30C, S:0",2026-10-07T11:20:41.872-05:00,-0.172,1791390041.873,121.851,53,877.74,25.67,47.02,
2026-10-07T11:21:03.049-05:00,1791390063.05,ok,1791390063.05,143.029,7,-687,-21.0,31,0,0.46,1,0,"ADC Code: -687,  C: 0.46%, Uo:  -21.0mV, T:  31C, S:0",2026-10-07T11:21:03.181-05:00,0.132,1791390063.182,143.161,63,874.8,25.71,46.84,
2026-10-07T11:21:24.055-05:00,1791390084.055,ok,1791390084.055,164.033,8,-686,-21.0,31,0,0.43,1,0,"ADC Code: -686,  C: 0.43%, Uo:  -21.0mV, T:  31C, S:0",2026-10-07T11:21:24.441-05:00,0.387,1791390084.442,164.421,73,870.41,25.84,46.65,
2026-10-07T11:21:45.059-05:00,1791390105.059,ok,1791390105.059,185.038,9,-685,-21.0,31,0,0.4,1,0,"ADC Code: -685,  C: 0.40%, Uo:  -21.0mV, T:  31C, S:0",2026-10-07T11:21:45.812-05:00,0.753,1791390105.812,185.791,83,870.11,25.88,46.45,
2026-10-07T11:22:06.065-05:00,1791390126.065,ok,1791390126.065,206.043,10,-686,-21.0,32,0,0.43,1,0,"ADC Code: -686,  C: 0.43%, Uo:  -21.0mV, T:  32C, S:0",2026-10-07T11:22:07.051-05:00,0.986,1791390127.051,207.029,93,868.78,25.91,46.41,
2026-10-07T11:22:27.069-05:00,1791390147.07,ok,1791390147.07,227.048,11,-688,-21.0,32,0,0.5,1,0,"ADC Code: -688,  C: 0.50%, Uo:  -21.0mV, T:  32C, S:0",2026-10-07T11:22:26.236-05:00,-0.833,1791390146.237,226.215,102,868.15,25.93,46.37,
2026-10-07T11:22:48.075-05:00,1791390168.075,ok,1791390168.075,248.053,12,-686,-21.0,32,0,0.43,1,0,"ADC Code: -686,  C: 0.43%, Uo:  -21.0mV, T:  32C, S:0",2026-10-07T11:22:47.578-05:00,-0.497,1791390167.578,247.556,112,869.02,26.01,46.21,
2026-10-07T11:23:09.079-05:00,1791390189.08,ok,1791390189.08,269.059,13,-690,-21.1,33,0,0.56,1,0,"ADC Code: -690,  C: 0.56%, Uo:  -21.1mV, T:  33C, S:0",2026-10-07T11:23:08.930-05:00,-0.149,1791390188.931,268.91,122,868.4,26.02,46.12,
2026-10-07T11:23:30.085-05:00,1791390210.086,ok,1791390210.086,290.064,14,-688,-21.0,33,0,0.5,1,0,"ADC Code: -688,  C: 0.50%, Uo:  -21.0mV, T:  33C, S:0",2026-10-07T11:23:30.240-05:00,0.154,1791390210.24,290.218,132,867.58,25.95,46.12,
2026-10-07T11:23:51.092-05:00,1791390231.092,ok,1791390231.092,311.07,15,-688,-21.0,34,0,0.5,1,0,"ADC Code: -688,  C: 0.50%, Uo:  -21.0mV, T:  34C, S:0",2026-10-07T11:23:51.612-05:00,0.521,1791390231.613,311.592,142,871.6,25.92,46.17,
2026-10-07T11:24:12.098-05:00,1791390252.098,ok,1791390252.098,332.076,16,-688,-21.0,34,0,0.5,1,0,"ADC Code: -688,  C: 0.50%, Uo:  -21.0mV, T:  34C, S:0",2026-10-07T11:24:12.871-05:00,0.773,1791390252.871,332.85,152,869.11,25.95,46.19,
2026-10-07T11:24:33.101-05:00,1791390273.102,ok,1791390273.102,353.081,17,-689,-21.1,34,0,0.53,1,0,"ADC Code: -689,  C: 0.53%, Uo:  -21.1mV, T:  34C, S:0",2026-10-07T11:24:32.085-05:00,-1.017,1791390272.085,352.064,161,868.84,25.96,46.15,
2026-10-07T11:24:54.107-05:00,1791390294.107,ok,1791390294.107,374.086,18,-688,-21.0,34,0,0.5,1,0,"ADC Code: -688,  C: 0.50%, Uo:  -21.0mV, T:  34C, S:0",2026-10-07T11:24:53.460-05:00,-0.647,1791390293.46,373.438,171,867.17,26.05,46.03,
2026-10-07T11:25:15.111-05:00,1791390315.112,ok,1791390315.112,395.09,19,-687,-21.0,34,0,0.46,1,0,"ADC Code: -687,  C: 0.46%, Uo:  -21.0mV, T:  34C, S:0",2026-10-07T11:25:14.721-05:00,-0.39,1791390314.722,394.701,181,866.94,26.09,45.86,
2026-10-07T11:25:36.117-05:00,1791390336.117,ok,1791390336.117,416.095,20,-689,-21.1,34,0,0.53,1,0,"ADC Code: -689,  C: 0.53%, Uo:  -21.1mV, T:  34C, S:0",2026-10-07T11:25:36.094-05:00,-0.023,1791390336.094,416.072,191,868.17,26.08,45.8,
2026-10-07T11:25:57.121-05:00,1791390357.121,ok,1791390357.121,437.099,21,-689,-21.1,34,0,0.53,1,0,"ADC Code: -689,  C: 0.53%, Uo:  -21.1mV, T:  34C, S:0",2026-10-07T11:25:57.463-05:00,0.343,1791390357.464,437.442,201,870.17,26.12,45.78,
2026-10-07T11:26:18.125-05:00,1791390378.125,ok,1791390378.125,458.103,22,-688,-21.0,34,0,0.5,1,0,"ADC Code: -688,  C: 0.50%, Uo:  -21.0mV, T:  34C, S:0",2026-10-07T11:26:18.717-05:00,0.593,1791390378.718,458.697,211,868.96,26.13,45.76,
2026-10-07T11:26:39.128-05:00,1791390399.129,ok,1791390399.129,479.107,23,-688,-21.0,34,0,0.5,1,0,"ADC Code: -688,  C: 0.50%, Uo:  -21.0mV, T:  34C, S:0",2026-10-07T11:26:40.092-05:00,0.964,1791390400.093,480.071,221,866.1,26.16,45.69,
2026-10-07T11:27:00.132-05:00,1791390420.133,ok,1791390420.133,500.111,24,-688,-21.0,35,0,0.5,1,0,"ADC Code: -688,  C: 0.50%, Uo:  -21.0mV, T:  35C, S:0",2026-10-07T11:26:59.302-05:00,-0.831,1791390419.302,499.281,230,867.81,26.18,45.74,
2026-10-07T11:27:21.137-05:00,1791390441.137,ok,1791390441.137,521.116,25,-687,-21.0,35,0,0.46,1,0,"ADC Code: -687,  C: 0.46%, Uo:  -21.0mV, T:  35C, S:0",2026-10-07T11:27:20.566-05:00,-0.57,1791390440.567,520.546,240,863.91,26.19,45.63,
2026-10-07T11:27:42.141-05:00,1791390462.142,ok,1791390462.142,542.12,26,-687,-21.0,35,0,0.46,1,0,"ADC Code: -687,  C: 0.46%, Uo:  -21.0mV, T:  35C, S:0",2026-10-07T11:27:41.940-05:00,-0.201,1791390461.941,541.919,250,863.08,26.22,45.54,
2026-10-07T11:28:03.145-05:00,1791390483.146,ok,1791390483.146,563.125,27,-689,-21.1,35,0,0.53,1,0,"ADC Code: -689,  C: 0.53%, Uo:  -21.1mV, T:  35C, S:0",2026-10-07T11:28:03.194-05:00,0.049,1791390483.195,563.173,260,862.36,26.18,45.59,
2026-10-07T11:28:24.150-05:00,1791390504.15,ok,1791390504.15,584.129,28,-690,-21.1,35,0,0.56,1,0,"ADC Code: -690,  C: 0.56%, Uo:  -21.1mV, T:  35C, S:0",2026-10-07T11:28:24.562-05:00,0.413,1791390504.563,584.542,270,863.29,26.16,45.69,
2026-10-07T11:28:45.155-05:00,1791390525.156,ok,1791390525.156,605.134,29,-688,-21.0,36,0,0.5,1,0,"ADC Code: -688,  C: 0.50%, Uo:  -21.0mV, T:  36C, S:0",2026-10-07T11:28:45.828-05:00,0.672,1791390525.828,605.806,280,858.89,26.13,45.77,
2026-10-07T11:29:06.160-05:00,1791390546.16,ok,1791390546.16,626.139,30,-687,-21.0,36,0,0.46,1,0,"ADC Code: -687,  C: 0.46%, Uo:  -21.0mV, T:  36C, S:0",2026-10-07T11:29:07.203-05:00,1.043,1791390547.203,627.181,290,858.67,26.05,45.89,
2026-10-07T11:29:27.164-05:00,1791390567.165,ok,1791390567.165,647.143,31,-690,-21.1,36,0,0.56,1,0,"ADC Code: -690,  C: 0.56%, Uo:  -21.1mV, T:  36C, S:0",2026-10-07T11:29:26.417-05:00,-0.747,1791390566.418,646.396,299,859.19,26.01,46.04,
2026-10-07T11:29:48.170-05:00,1791390588.17,ok,1791390588.17,668.148,32,-689,-21.1,36,0,0.53,1,0,"ADC Code: -689,  C: 0.53%, Uo:  -21.1mV, T:  36C, S:0",2026-10-07T11:29:47.789-05:00,-0.38,1791390587.79,667.768,309,862.74,26.03,45.99,
2026-10-07T11:30:09.174-05:00,1791390609.175,ok,1791390609.175,689.153,33,-688,-21.0,36,0,0.5,1,0,"ADC Code: -688,  C: 0.50%, Uo:  -21.0mV, T:  36C, S:0",2026-10-07T11:30:09.061-05:00,-0.114,1791390609.061,689.039,319,865.44,26.03,46.05,
2026-10-07T11:30:30.180-05:00,1791390630.18,ok,1791390630.18,710.158,34,-688,-21.0,36,0,0.5,1,0,"ADC Code: -688,  C: 0.50%, Uo:  -21.0mV, T:  36C, S:0",2026-10-07T11:30:30.433-05:00,0.253,1791390630.433,710.411,329,864.2,26.09,45.86,
2026-10-07T11:30:51.184-05:00,1791390651.185,ok,1791390651.185,731.164,35,-685,-21.0,36,0,0.4,1,0,"ADC Code: -685,  C: 0.40%, Uo:  -21.0mV, T:  36C, S:0",2026-10-07T11:30:51.697-05:00,0.512,1791390651.697,731.676,339,869.08,26.12,45.76,
2026-10-07T11:31:12.190-05:00,1791390672.191,ok,1791390672.191,752.169,36,-684,-20.9,36,0,0.37,1,0,"ADC Code: -684,  C: 0.37%, Uo:  -20.9mV, T:  36C, S:0",2026-10-07T11:31:13.069-05:00,0.879,1791390673.07,753.048,349,871.55,26.15,45.81,
2026-10-07T11:31:33.196-05:00,1791390693.196,ok,1791390693.196,773.174,37,-686,-21.0,36,0,0.43,1,0,"ADC Code: -686,  C: 0.43%, Uo:  -21.0mV, T:  36C, S:0",2026-10-07T11:31:32.282-05:00,-0.913,1791390692.283,772.262,358,871.13,26.12,45.74,
2026-10-07T11:31:54.200-05:00,1791390714.2,ok,1791390714.2,794.179,38,-689,-21.1,36,0,0.53,1,0,"ADC Code: -689,  C: 0.53%, Uo:  -21.1mV, T:  36C, S:0",2026-10-07T11:31:53.549-05:00,-0.651,1791390713.549,793.527,368,870.58,26.2,45.68,
2026-10-07T11:32:15.204-05:00,1791390735.205,ok,1791390735.205,815.184,39,-689,-21.1,36,0,0.53,1,0,"ADC Code: -689,  C: 0.53%, Uo:  -21.1mV, T:  36C, S:0",2026-10-07T11:32:14.924-05:00,-0.281,1791390734.924,814.903,378,867.83,26.1,45.75,
2026-10-07T11:32:36.210-05:00,1791390756.21,ok,1791390756.21,836.189,40,-689,-21.1,36,0,0.53,1,0,"ADC Code: -689,  C: 0.53%, Uo:  -21.1mV, T:  36C, S:0",2026-10-07T11:32:36.193-05:00,-0.017,1791390756.193,836.172,388,867.76,26.12,45.78,
2026-10-07T11:32:57.214-05:00,1791390777.215,ok,1791390777.215,857.194,41,-687,-21.0,37,0,0.46,1,0,"ADC Code: -687,  C: 0.46%, Uo:  -21.0mV, T:  37C, S:0",2026-10-07T11:32:57.569-05:00,0.354,1791390777.569,857.547,398,866.84,26.1,45.78,
2026-10-07T11:33:18.220-05:00,1791390798.221,ok,1791390798.221,878.199,42,-687,-21.0,37,0,0.46,1,0,"ADC Code: -687,  C: 0.46%, Uo:  -21.0mV, T:  37C, S:0",2026-10-07T11:33:18.841-05:00,0.62,1791390798.841,878.82,408,864.01,26.09,45.71,
2026-10-07T11:33:39.226-05:00,1791390819.226,ok,1791390819.226,899.205,43,-685,-21.0,37,0,0.4,1,0,"ADC Code: -685,  C: 0.40%, Uo:  -21.0mV, T:  37C, S:0",2026-10-07T11:33:40.211-05:00,0.986,1791390820.212,900.191,418,864.74,26.08,45.87,
2026-10-07T11:34:00.232-05:00,1791390840.232,ok,1791390840.232,920.21,44,-688,-21.0,37,0,0.5,1,0,"ADC Code: -688,  C: 0.50%, Uo:  -21.0mV, T:  37C, S:0",2026-10-07T11:33:59.319-05:00,-0.912,1791390839.32,919.298,427,864.89,26.01,45.95,
2026-10-07T11:34:21.236-05:00,1791390861.237,ok,1791390861.237,941.215,45,-685,-21.0,37,0,0.4,1,0,"ADC Code: -685,  C: 0.40%, Uo:  -21.0mV, T:  37C, S:0",2026-10-07T11:34:20.687-05:00,-0.549,1791390860.688,940.666,437,861.41,26.02,45.92,
2026-10-07T11:34:42.242-05:00,1791390882.242,ok,1791390882.242,962.22,46,-687,-21.0,37,0,0.46,1,0,"ADC Code: -687,  C: 0.46%, Uo:  -21.0mV, T:  37C, S:0",2026-10-07T11:34:41.953-05:00,-0.289,1791390881.953,961.932,447,863.01,26.01,45.91,
2026-10-07T11:35:03.246-05:00,1791390903.247,ok,1791390903.247,983.225,47,-687,-21.0,37,0,0.46,1,0,"ADC Code: -687,  C: 0.46%, Uo:  -21.0mV, T:  37C, S:0",2026-10-07T11:35:03.322-05:00,0.075,1791390903.322,983.3,457,862.6,26.01,45.88,
2026-10-07T11:35:24.252-05:00,1791390924.252,ok,1791390924.252,1004.23,48,-689,-21.1,37,0,0.53,1,0,"ADC Code: -689,  C: 0.53%, Uo:  -21.1mV, T:  37C, S:0",2026-10-07T11:35:24.690-05:00,0.438,1791390924.69,1004.668,467,868.94,26.01,45.9,
2026-10-07T11:35:45.256-05:00,1791390945.257,ok,1791390945.257,1025.236,49,-688,-21.0,37,0,0.5,1,0,"ADC Code: -688,  C: 0.50%, Uo:  -21.0mV, T:  37C, S:0",2026-10-07T11:35:45.954-05:00,0.698,1791390945.955,1025.934,477,873.22,25.99,45.9,
2026-10-07T11:36:06.262-05:00,1791390966.262,ok,1791390966.262,1046.241,50,-688,-21.0,37,0,0.5,1,0,"ADC Code: -688,  C: 0.50%, Uo:  -21.0mV, T:  37C, S:0",2026-10-07T11:36:07.322-05:00,1.06,1791390967.322,1047.3,487,873.06,26.02,45.93,
2026-10-07T11:36:27.267-05:00,1791390987.268,ok,1791390987.268,1067.246,51,-690,-21.1,36,0,0.56,1,0,"ADC Code: -690,  C: 0.56%, Uo:  -21.1mV, T:  36C, S:0",2026-10-07T11:36:26.430-05:00,-0.837,1791390986.431,1066.409,496,878.7,26.05,45.86,
2026-10-07T11:36:48.273-05:00,1791391008.273,ok,1791391008.273,1088.251,52,-688,-21.0,36,0,0.5,1,0,"ADC Code: -688,  C: 0.50%, Uo:  -21.0mV, T:  36C, S:0",2026-10-07T11:36:47.801-05:00,-0.472,1791391007.801,1087.78,506,878.58,26.16,45.64,
2026-10-07T11:37:09.278-05:00,1791391029.278,ok,1791391029.278,1109.256,53,-688,-21.0,36,0,0.5,1,0,"ADC Code: -688,  C: 0.50%, Uo:  -21.0mV, T:  36C, S:0",2026-10-07T11:37:09.167-05:00,-0.111,1791391029.167,1109.146,516,877.88,26.13,45.63,
2026-10-07T11:37:30.283-05:00,1791391050.284,ok,1791391050.284,1130.262,54,-685,-21.0,36,0,0.4,1,0,"ADC Code: -685,  C: 0.40%, Uo:  -21.0mV, T:  36C, S:0",2026-10-07T11:37:30.426-05:00,0.142,1791391050.426,1130.404,526,875.95,26.15,45.72,
2026-10-07T11:37:51.289-05:00,1791391071.289,ok,1791391071.289,1151.268,55,-688,-21.0,36,0,0.5,1,0,"ADC Code: -688,  C: 0.50%, Uo:  -21.0mV, T:  36C, S:0",2026-10-07T11:37:51.796-05:00,0.507,1791391071.796,1151.775,536,873.43,26.22,45.6,
2026-10-07T11:38:12.295-05:00,1791391092.295,ok,1791391092.295,1172.273,56,-688,-21.0,36,0,0.5,1,0,"ADC Code: -688,  C: 0.50%, Uo:  -21.0mV, T:  36C, S:0",2026-10-07T11:38:13.055-05:00,0.76,1791391093.055,1173.034,546,871.39,26.15,45.67,
2026-10-07T11:38:33.299-05:00,1791391113.3,ok,1791391113.3,1193.278,57,-686,-21.0,37,0,0.43,1,0,"ADC Code: -686,  C: 0.43%, Uo:  -21.0mV, T:  37C, S:0",2026-10-07T11:38:32.266-05:00,-1.034,1791391112.266,1192.245,555,870.69,26.13,45.72,
2026-10-07T11:38:54.305-05:00,1791391134.305,ok,1791391134.305,1214.283,58,-689,-21.1,37,0,0.53,1,0,"ADC Code: -689,  C: 0.53%, Uo:  -21.1mV, T:  37C, S:0",2026-10-07T11:38:53.647-05:00,-0.658,1791391133.647,1213.626,565,869.66,26.08,45.79,
2026-10-07T11:39:15.309-05:00,1791391155.31,ok,1791391155.31,1235.288,59,-688,-21.0,37,0,0.5,1,0,"ADC Code: -688,  C: 0.50%, Uo:  -21.0mV, T:  37C, S:0",2026-10-07T11:39:14.914-05:00,-0.395,1791391154.915,1234.894,575,871.67,26.09,45.78,
2026-10-07T11:39:36.315-05:00,1791391176.315,ok,1791391176.315,1256.294,60,-691,-21.1,37,0,0.59,1,0,"ADC Code: -691,  C: 0.59%, Uo:  -21.1mV, T:  37C, S:0",2026-10-07T11:39:36.285-05:00,-0.03,1791391176.285,1256.264,585,875.67,26.18,45.66,
2026-10-07T11:39:57.319-05:00,1791391197.32,ok,1791391197.32,1277.299,61,-688,-21.0,37,0,0.5,1,0,"ADC Code: -688,  C: 0.50%, Uo:  -21.0mV, T:  37C, S:0",2026-10-07T11:39:57.552-05:00,0.232,1791391197.552,1277.53,595,874.37,26.2,45.57,
2026-10-07T11:40:18.325-05:00,1791391218.325,ok,1791391218.325,1298.304,62,-685,-21.0,37,0,0.4,1,0,"ADC Code: -685,  C: 0.40%, Uo:  -21.0mV, T:  37C, S:0",2026-10-07T11:40:18.923-05:00,0.598,1791391218.923,1298.902,605,873.81,26.12,45.66,
2026-10-07T11:40:39.331-05:00,1791391239.331,ok,1791391239.331,1319.31,63,-684,-20.9,37,0,0.37,1,0,"ADC Code: -684,  C: 0.37%, Uo:  -20.9mV, T:  37C, S:0",2026-10-07T11:40:40.190-05:00,0.86,1791391240.191,1320.17,615,869.94,26.18,45.63,
2026-10-07T11:41:00.336-05:00,1791391260.337,ok,1791391260.337,1340.315,64,-688,-21.0,37,0,0.5,1,0,"ADC Code: -688,  C: 0.50%, Uo:  -21.0mV, T:  37C, S:0",2026-10-07T11:40:59.398-05:00,-0.939,1791391259.398,1339.377,624,870.81,26.16,45.64,
2026-10-07T11:41:21.342-05:00,1791391281.342,ok,1791391281.342,1361.32,65,-688,-21.0,36,0,0.5,1,0,"ADC Code: -688,  C: 0.50%, Uo:  -21.0mV, T:  36C, S:0",2026-10-07T11:41:20.773-05:00,-0.569,1791391280.773,1360.751,634,874.98,26.15,45.66,
2026-10-07T11:41:42.346-05:00,1791391302.347,ok,1791391302.347,1382.325,66,-688,-21.0,36,0,0.5,1,0,"ADC Code: -688,  C: 0.50%, Uo:  -21.0mV, T:  36C, S:0",2026-10-07T11:41:42.039-05:00,-0.308,1791391302.039,1382.018,644,870.59,26.18,45.59,
2026-10-07T11:42:03.351-05:00,1791391323.352,ok,1791391323.352,1403.33,67,-690,-21.1,37,0,0.56,1,0,"ADC Code: -690,  C: 0.56%, Uo:  -21.1mV, T:  37C, S:0",2026-10-07T11:42:03.421-05:00,0.069,1791391323.421,1403.399,654,874.86,26.15,45.57,
2026-10-07T11:42:24.357-05:00,1791391344.357,ok,1791391344.357,1424.336,68,-687,-21.0,37,0,0.46,1,0,"ADC Code: -687,  C: 0.46%, Uo:  -21.0mV, T:  37C, S:0",2026-10-07T11:42:24.687-05:00,0.33,1791391344.687,1424.665,664,867.06,26.13,45.58,
2026-10-07T11:42:45.362-05:00,1791391365.363,ok,1791391365.363,1445.341,69,-690,-21.1,37,0,0.56,1,0,"ADC Code: -690,  C: 0.56%, Uo:  -21.1mV, T:  37C, S:0",2026-10-07T11:42:46.068-05:00,0.705,1791391366.068,1446.046,674,866.11,26.12,45.67,
