timestamp_iso,unix_s,monotonic_s,cpu_temp_c,throttled,disk_free_mb,ntp_synced,wall_minus_mono_s,clock_step_s,scd_ok,scd_err,scd_reinits,ngm_ok,ngm_unparsed,ngm_reconnects
2026-09-26T17:07:58.343-05:00,1790460478.343,1544.601,46.9,0x50000,112828,yes,1790458933.743,,0,0,0,0,0,0
2026-09-26T17:08:58.358-05:00,1790460538.359,1604.616,46.9,0x50000,112828,yes,1790458933.743,,28,0,0,3,0,0
2026-09-26T17:09:58.458-05:00,1790460598.459,1664.716,47.4,0x50000,112828,yes,1790458933.743,,56,0,0,6,0,0
2026-09-26T17:10:58.563-05:00,1790460658.564,1724.821,48.0,0x50000,112828,yes,1790458933.743,,84,0,0,9,0,0
2026-09-26T17:11:58.663-05:00,1790460718.663,1784.920,48.0,0x50000,112828,yes,1790458933.743,,113,0,0,12,0,0
2026-09-26T17:12:58.767-05:00,1790460778.767,1845.024,49.0,0x50000,112828,yes,1790458933.743,,141,0,0,14,0,0
2026-09-26T17:13:58.872-05:00,1790460838.872,1905.129,46.3,0x50000,112828,yes,1790458933.743,,169,0,0,17,0,0
2026-09-26T17:14:58.985-05:00,1790460898.985,1965.242,45.2,0x50000,112828,yes,1790458933.743,,197,0,0,20,0,0
2026-09-26T17:15:59.087-05:00,1790460959.088,2025.345,45.2,0x50000,112828,yes,1790458933.743,,225,0,0,23,0,0
2026-09-26T17:16:59.475-05:00,1790461019.475,2085.732,45.8,0x50000,112828,yes,1790458933.743,,254,0,0,26,0,0
2026-09-26T17:17:59.579-05:00,1790461079.579,2145.836,46.3,0x50000,112828,yes,1790458933.743,,282,0,0,29,0,0
2026-09-26T17:18:59.687-05:00,1790461139.687,2205.945,47.4,0x50000,112828,yes,1790458933.743,,310,0,0,32,0,0
2026-09-26T17:19:59.788-05:00,1790461199.788,2266.046,48.0,0x50000,112828,yes,1790458933.743,,338,0,0,35,0,0
2026-09-26T17:20:59.890-05:00,1790461259.890,2326.147,48.5,0x50000,112828,yes,1790458933.743,,366,0,0,37,0,0
