timestamp_iso,unix_s,monotonic_s,seq,co2_ppm,temp_c,rh_pct,qc_flag
2026-09-26T21:00:41.863-05:00,1790474441.863,6.805,1,853.24,26.22,53.05,
2026-09-26T21:00:44.029-05:00,1790474444.029,8.970,2,850.29,26.19,53.06,
2026-09-26T21:00:46.080-05:00,1790474446.081,11.022,3,851.64,26.19,53.04,
2026-09-26T21:00:48.249-05:00,1790474448.249,13.190,4,855.00,26.22,53.00,
2026-09-26T21:00:50.416-05:00,1790474450.416,15.358,5,853.69,26.23,53.04,
2026-09-26T21:00:52.576-05:00,1790474452.576,17.517,6,861.34,26.23,53.08,
2026-09-26T21:00:54.628-05:00,1790474454.628,19.569,7,867.18,26.20,53.05,
2026-09-26T21:00:56.785-05:00,1790474456.785,21.727,8,872.95,26.23,53.11,
2026-09-26T21:00:58.942-05:00,1790474458.942,23.884,9,876.04,26.25,53.12,
2026-09-26T21:01:01.100-05:00,1790474461.101,26.042,10,879.72,26.26,53.09,
2026-09-26T21:01:03.152-05:00,1790474463.153,28.094,11,884.06,26.26,53.11,
2026-09-26T21:01:05.311-05:00,1790474465.311,30.252,12,888.51,26.28,53.06,
2026-09-26T21:01:07.467-05:00,1790474467.468,32.409,13,895.43,26.29,53.07,
2026-09-26T21:01:26.576-05:00,1790474486.577,34.567,14,901.63,26.29,53.00,
2026-09-26T21:01:28.627-05:00,1790474488.628,36.618,15,900.08,26.30,53.01,
2026-09-26T21:01:30.785-05:00,1790474490.786,38.777,16,903.20,26.35,52.99,
2026-09-26T21:01:32.943-05:00,1790474492.943,40.934,17,899.26,26.33,52.95,
2026-09-26T21:01:35.100-05:00,1790474495.100,43.091,18,904.24,26.32,52.96,
2026-09-26T21:01:37.150-05:00,1790474497.150,45.141,19,901.80,26.33,52.92,
2026-09-26T21:01:39.308-05:00,1790474499.308,47.299,20,898.36,26.32,52.92,
2026-09-26T21:01:41.465-05:00,1790474501.465,49.456,21,899.18,26.35,52.89,
2026-09-26T21:01:43.623-05:00,1790474503.624,51.614,22,903.28,26.36,52.93,
2026-09-26T21:01:45.673-05:00,1790474505.674,53.664,23,903.76,26.37,52.95,
2026-09-26T21:01:47.834-05:00,1790474507.834,55.825,24,907.23,26.37,52.95,
2026-09-26T21:01:49.990-05:00,1790474509.991,57.981,25,910.29,26.37,52.87,
2026-09-26T21:01:52.148-05:00,1790474512.148,60.139,26,913.02,26.39,52.90,
2026-09-26T21:01:54.202-05:00,1790474514.203,62.193,27,916.71,26.37,52.88,
2026-09-26T21:01:56.360-05:00,1790474516.360,64.351,28,921.73,26.39,53.00,
2026-09-26T21:01:58.517-05:00,1790474518.518,66.508,29,921.47,26.42,53.23,
2026-09-26T21:02:00.675-05:00,1790474520.675,68.666,30,920.95,26.42,53.04,
2026-09-26T21:02:02.832-05:00,1790474522.833,70.823,31,920.22,26.43,52.87,
2026-09-26T21:02:04.883-05:00,1790474524.884,72.875,32,914.39,26.42,52.75,
2026-09-26T21:02:07.040-05:00,1790474527.041,75.031,33,912.45,26.43,52.67,
2026-09-26T21:02:09.198-05:00,1790474529.198,77.189,34,909.51,26.40,52.66,
2026-09-26T21:02:11.356-05:00,1790474531.356,79.347,35,910.44,26.43,52.56,
2026-09-26T21:02:13.403-05:00,1790474533.403,81.394,36,909.87,26.43,52.60,
2026-09-26T21:02:15.561-05:00,1790474535.561,83.552,37,907.22,26.44,52.55,
2026-09-26T21:02:17.719-05:00,1790474537.719,85.710,38,903.22,26.44,52.56,
2026-09-26T21:02:19.877-05:00,1790474539.877,87.868,39,902.05,26.46,52.48,
2026-09-26T21:02:21.929-05:00,1790474541.930,89.920,40,899.30,26.46,52.46,
2026-09-26T21:02:24.089-05:00,1790474544.090,92.080,41,896.82,26.47,52.42,
2026-09-26T21:02:26.248-05:00,1790474546.248,94.239,42,894.45,26.49,52.42,
2026-09-26T21:02:28.406-05:00,1790474548.407,96.397,43,893.55,26.51,52.41,
2026-09-26T21:02:30.458-05:00,1790474550.458,98.449,44,888.13,26.50,52.37,
2026-09-26T21:02:32.615-05:00,1790474552.616,100.606,45,885.62,26.51,52.34,
2026-09-26T21:02:34.774-05:00,1790474554.774,102.765,46,881.34,26.51,52.36,
2026-09-26T21:02:36.931-05:00,1790474556.932,104.923,47,878.44,26.51,52.31,
2026-09-26T21:02:38.983-05:00,1790474558.984,106.974,48,877.41,26.53,52.28,
2026-09-26T21:02:41.141-05:00,1790474561.141,109.132,49,875.91,26.54,52.27,
2026-09-26T21:02:43.300-05:00,1790474563.300,111.291,50,868.60,26.54,52.23,
2026-09-26T21:02:45.457-05:00,1790474565.458,113.448,51,861.21,26.54,52.21,
2026-09-26T21:02:47.513-05:00,1790474567.513,115.504,52,853.08,26.54,52.23,
2026-09-26T21:02:49.671-05:00,1790474569.671,117.662,53,849.74,26.53,52.19,
2026-09-26T21:02:51.829-05:00,1790474571.830,119.820,54,846.35,26.56,52.21,
2026-09-26T21:02:53.988-05:00,1790474573.988,121.979,55,847.18,26.57,52.22,
2026-09-26T21:02:56.146-05:00,1790474576.146,124.137,56,842.37,26.57,52.18,
2026-09-26T21:02:58.198-05:00,1790474578.199,126.189,57,842.87,26.57,52.17,
2026-09-26T21:03:00.361-05:00,1790474580.362,128.352,58,841.87,26.56,52.21,
2026-09-26T21:03:02.520-05:00,1790474582.520,130.511,59,847.01,26.56,52.18,
2026-09-26T21:03:04.574-05:00,1790474584.574,132.565,60,843.99,26.56,52.17,
2026-09-26T21:03:06.732-05:00,1790474586.732,134.723,61,844.26,26.57,52.18,
2026-09-26T21:03:08.891-05:00,1790474588.891,136.882,62,842.71,26.60,52.20,
2026-09-26T21:03:11.051-05:00,1790474591.052,139.042,63,840.97,26.57,52.17,
2026-09-26T21:03:13.210-05:00,1790474593.210,141.201,64,843.64,26.60,52.15,
2026-09-26T21:03:15.262-05:00,1790474595.262,143.253,65,841.17,26.60,52.15,
2026-09-26T21:03:17.420-05:00,1790474597.421,145.411,66,840.91,26.61,52.15,
2026-09-26T21:03:19.579-05:00,1790474599.580,147.570,67,841.39,26.60,52.15,
2026-09-26T21:03:21.739-05:00,1790474601.739,149.730,68,841.67,26.63,52.12,
2026-09-26T21:03:23.792-05:00,1790474603.792,151.783,69,842.57,26.63,52.08,
2026-09-26T21:03:25.950-05:00,1790474605.951,153.941,70,841.95,26.64,52.12,
2026-09-26T21:03:28.113-05:00,1790474608.113,156.104,71,841.08,26.63,52.08,
2026-09-26T21:03:30.271-05:00,1790474610.272,158.262,72,840.87,26.61,52.07,
2026-09-26T21:03:32.322-05:00,1790474612.322,160.313,73,841.92,26.63,52.11,
2026-09-26T21:03:34.481-05:00,1790474614.481,162.472,74,841.91,26.64,52.11,
2026-09-26T21:03:36.639-05:00,1790474616.639,164.630,75,843.16,26.64,52.11,
2026-09-26T21:03:38.797-05:00,1790474618.797,166.788,76,844.67,26.66,52.10,
2026-09-26T21:03:40.955-05:00,1790474620.956,168.946,77,845.25,26.66,52.05,
2026-09-26T21:03:43.007-05:00,1790474623.008,170.998,78,845.47,26.64,52.06,
2026-09-26T21:03:45.168-05:00,1790474625.169,173.159,79,845.46,26.67,52.04,
2026-09-26T21:03:47.328-05:00,1790474627.328,175.319,80,845.28,26.66,52.02,
2026-09-26T21:03:49.486-05:00,1790474629.486,177.477,81,846.72,26.67,52.05,
2026-09-26T21:03:51.537-05:00,1790474631.538,179.528,82,847.26,26.66,52.07,
2026-09-26T21:03:53.696-05:00,1790474633.696,181.687,83,846.85,26.67,52.08,
2026-09-26T21:03:55.854-05:00,1790474635.855,183.845,84,845.36,26.68,52.09,
2026-09-26T21:03:58.015-05:00,1790474638.016,186.006,85,843.57,26.70,52.05,
2026-09-26T21:04:00.066-05:00,1790474640.067,188.057,86,843.52,26.67,52.05,
2026-09-26T21:04:02.224-05:00,1790474642.224,190.215,87,842.00,26.68,52.04,
2026-09-26T21:04:04.384-05:00,1790474644.384,192.375,88,841.56,26.70,52.01,
2026-09-26T21:04:06.544-05:00,1790474646.544,194.535,89,839.69,26.68,51.99,
2026-09-26T21:04:08.702-05:00,1790474648.703,196.693,90,840.62,26.68,52.02,
2026-09-26T21:04:10.755-05:00,1790474650.756,198.746,91,840.04,26.67,52.04,
2026-09-26T21:04:12.914-05:00,1790474652.914,200.905,92,841.22,26.67,52.01,
2026-09-26T21:04:15.074-05:00,1790474655.074,203.065,93,842.18,26.68,52.00,
